comment_id,username,nickname,comment,create_time,avatar,total_reply,replies
7539834145049641749,mat.ambo,Mat.Amboü§°,bayar gaji honorer pak wahid.kasian yang honorer keluar gaji 3 bulan 1x,2025-08-18T15:07:25,https://p16-sign-va.tiktokcdn.com/tos-maliva-avt-0068/ce68de91c07745b536c62624cfc8f440~tplv-tiktokx-cropcenter:100:100.jpg?dr=14579&refresh_token=5fd2f896&x-expires=1755756000&x-signature=ntR%2Bz%2FxY4TPkao%2BSlKC%2BR2N0zyA%3D&t=4d5b0474&ps=13740610&shp=30310797&shcp=ff37627b&idc=my,13,"[{'comment_id': '7539873277867639559', 'username': 'adesangputra', 'nickname': 'Ade Sang Putra', 'comment': '2024 masi ada tunda bayar 4 bulan buk', 'create_time': '2025-08-18T17:39:15', 'avatar': 'https://p16-sign-va.tiktokcdn.com/tos-maliva-avt-0068/f252bf36e2fc8c91983f7039d9a4623d~tplv-tiktokx-cropcenter:100:100.jpg?dr=14579&refresh_token=9324e59b&x-expires=1755756000&x-signature=SjPIgaeYtnFoHkWnnWM%2BJYluiW4%3D&t=4d5b0474&ps=13740610&shp=30310797&shcp=ff37627b&idc=my', 'total_reply': None, 'replies': []}, {'comment_id': '7539882111999165192', 'username': 'asdi25042', 'nickname': 'Asdi2504', 'comment': 'talungguak gaji re,banyak sakali Narimo suaküò©ü§£ü§£', 'create_time': '2025-08-18T18:13:31', 'avatar': 'https://p16-sign-sg.tiktokcdn.com/tos-alisg-avt-0068/c75c283789f07e62cbd3d012d80b8315~tplv-tiktokx-cropcenter:100:100.jpg?dr=14579&refresh_token=a96398ef&x-expires=1755756000&x-signature=ETbOWG29wurga3bAfiosF3ueKsc%3D&t=4d5b0474&ps=13740610&shp=30310797&shcp=ff37627b&idc=my', 'total_reply': None, 'replies': []}, {'comment_id': '7539899490066793224', 'username': 'adesangputra', 'nickname': 'Ade Sang Putra', 'comment': 'dak kan ado arok nmpak lai do sanaküòÅüòÅüòÅ la ka lauik ma', 'create_time': '2025-08-18T19:21:00', 'avatar': 'https://p16-sign-va.tiktokcdn.com/tos-maliva-avt-0068/f252bf36e2fc8c91983f7039d9a4623d~tplv-tiktokx-cropcenter:100:100.jpg?dr=14579&refresh_token=9324e59b&x-expires=1755756000&x-signature=SjPIgaeYtnFoHkWnnWM%2BJYluiW4%3D&t=4d5b0474&ps=13740610&shp=30310797&shcp=ff37627b&idc=my', 'total_reply': None, 'replies': []}, {'comment_id': '7539910983089062674', 'username': 'asdi25042', 'nickname': 'Asdi2504', 'comment': 'üò©ü§£ü§£', 'create_time': '2025-08-18T20:05:36', 'avatar': 'https://p16-sign-sg.tiktokcdn.com/tos-alisg-avt-0068/c75c283789f07e62cbd3d012d80b8315~tplv-tiktokx-cropcenter:100:100.jpg?dr=14579&refresh_token=a96398ef&x-expires=1755756000&x-signature=ETbOWG29wurga3bAfiosF3ueKsc%3D&t=4d5b0474&ps=13740610&shp=30310797&shcp=ff37627b&idc=my', 'total_reply': None, 'replies': []}, {'comment_id': '7539954419241648904', 'username': 'obat_ilmu_alam', 'nickname': 'obat_ilmu_alam', 'comment': 'hahah ini ada yang belum gajian dari bulan 1', 'create_time': '2025-08-18T22:54:07', 'avatar': 'https://p16-sign-sg.tiktokcdn.com/tos-alisg-avt-0068/c188af527950d3b018c911c75c34ba3b~tplv-tiktokx-cropcenter:100:100.jpg?dr=14579&refresh_token=bcaf5457&x-expires=1755756000&x-signature=36QsK%2FOAXK%2Bqb6WB6fZIYiJR6AQ%3D&t=4d5b0474&ps=13740610&shp=30310797&shcp=ff37627b&idc=my', 'total_reply': None, 'replies': []}, {'comment_id': '7540227223145661205', 'username': 'itsme.ovi.yaa', 'nickname': 'Itsme.ovi.ya', 'comment': 'betul. ini sejak awal Januari sampai sekarang belum terbayarkan paküòÇ', 'create_time': '2025-08-19T16:32:48', 'avatar': 'https://p16-common-sign-useastred.tiktokcdn-eu.com/tos-useast2a-avt-0068-euttp/5be9ac28d1737785c6696bb70dc1acd2~tplv-tiktokx-cropcenter:100:100.jpg?dr=14579&refresh_token=abb0d9a1&x-expires=1755756000&x-signature=oBEkyQWYIwjBoAQKKzBmBGE6C1Y%3D&t=4d5b0474&ps=13740610&shp=30310797&shcp=ff37627b&idc=my', 'total_reply': None, 'replies': []}, {'comment_id': '7539938877739877128', 'username': 'panggil_aja_ayhu', 'nickname': 'ayhu', 'comment': 'oman2 kan tunda bayar lo ulang üòÇ, gaji tunda bayar taun ptg lun selosai, gji dri bln 6-8 olun tahun ko, dana untak pacu magak lancar kluar e', 'create_time': '2025-08-18T21:53:47', 'avatar': 'https://p16-sign-sg.tiktokcdn.com/tos-alisg-avt-0068/4e54cacb328530f238bc10eb1dfef138~tplv-tiktokx-cropcenter:100:100.jpg?dr=14579&refresh_token=25567ee9&x-expires=1755756000&x-signature=C1ZQgUxqYURjqUmH44p8uS62qqk%3D&t=4d5b0474&ps=13740610&shp=30310797&shcp=ff37627b&idc=my', 'total_reply': None, 'replies': []}, {'comment_id': '7539894264463098631', 'username': 'duh_ace2', 'nickname': 'Saturnus', 'comment': 'Bilang sama dprd nya juga buk', 'create_time': '2025-08-18T19:00:44', 'avatar': 'https://p16-sign-sg.tiktokcdn.com/tos-alisg-avt-0068/3c75b9b1b9ffc70f7ced76fb2f4b7649~tplv-tiktokx-cropcenter:100:100.jpg?dr=14579&refresh_token=370adf6d&x-expires=1755756000&x-signature=1Naw0%2B8cbGi%2ByzmpIorTCLmhOHo%3D&t=4d5b0474&ps=13740610&shp=30310797&shcp=ff37627b&idc=my', 'total_reply': None, 'replies': []}, {'comment_id': '7539886691096462088', 'username': 'desi6706', 'nickname': '@Düíã', 'comment': 'paling masuk ke sana pembangunan event pacu jalur üòÇ', 'create_time': '2025-08-18T18:31:16', 'avatar': 'https://p16-sign-va.tiktokcdn.com/tos-maliva-avt-0068/7393282115787292678~tplv-tiktokx-cropcenter:100:100.jpg?dr=14579&refresh_token=6e762a44&x-expires=1755756000&x-signature=Qb987D3yN%2Bq05Tpq%2FqdrtK8xpBQ%3D&t=4d5b0474&ps=13740610&shp=30310797&shcp=ff37627b&idc=my', 'total_reply': None, 'replies': []}, {'comment_id': '7539883247799780103', 'username': 'divafadhilah478', 'nickname': 'diva_', 'comment': '4 bulan tak terbayang bgüôèüèªüò≠', 'create_time': '2025-08-18T18:17:56', 'avatar': 'https://p16-sign-sg.tiktokcdn.com/tos-alisg-avt-0068/f7be183a7a711d59cc2452d8f0e6df79~tplv-tiktokx-cropcenter:100:100.jpg?dr=14579&refresh_token=a8249b52&x-expires=1755756000&x-signature=x%2FQXhsckQ6z9Bh%2FEOHRyfvRxfkc%3D&t=4d5b0474&ps=13740610&shp=30310797&shcp=ff37627b&idc=my', 'total_reply': None, 'replies': []}, {'comment_id': '7539864362913153799', 'username': 'kang_sudi23', 'nickname': 'sudianto495', 'comment': 'bini Sayo dah nak masuk 6 bulan belom jugo keluo gaji bg', 'create_time': '2025-08-18T17:04:41', 'avatar': 'https://p16-sign-va.tiktokcdn.com/tos-maliva-avt-0068/77ad061479e1bbac1f987f66b59f8b81~tplv-tiktokx-cropcenter:100:100.jpg?dr=14579&refresh_token=5c6c6c7f&x-expires=1755756000&x-signature=2fC55nQPtGBKfv2ETXiePQEe2OI%3D&t=4d5b0474&ps=13740610&shp=30310797&shcp=ff37627b&idc=my', 'total_reply': None, 'replies': []}, {'comment_id': '7540494354667193096', 'username': 'nitamarwa5', 'nickname': 'nitamarwa', 'comment': 'dak jadi nonton pacu ro pak', 'create_time': '2025-08-20T09:49:22', 'avatar': 'https://p16-sign-sg.tiktokcdn.com/tos-alisg-avt-0068/c5ad0df1da306c803db858d6dba544e1~tplv-tiktokx-cropcenter:100:100.jpg?dr=14579&refresh_token=3bf4ae59&x-expires=1755756000&x-signature=rQRwz5JB1BJWfpRl3NFKJLJAUBw%3D&t=4d5b0474&ps=13740610&shp=30310797&shcp=ff37627b&idc=my', 'total_reply': None, 'replies': []}, {'comment_id': '7540312219507835656', 'username': 'sharp0418', 'nickname': 'SharpüòÅ', 'comment': 'kwkwkw siapa suruh jado honorü§™', 'create_time': '2025-08-19T22:02:35', 'avatar': 'https://p16-sign-sg.tiktokcdn.com/tos-alisg-avt-0068/84f3ef97f8a56849b061cb242b77f82c~tplv-tiktokx-cropcenter:100:100.jpg?dr=14579&refresh_token=705bade7&x-expires=1755756000&x-signature=CF315WIPdOUzq1PbAlS0CWbkDFw%3D&t=4d5b0474&ps=13740610&shp=30310797&shcp=ff37627b&idc=my', 'total_reply': None, 'replies': []}]"
7539909004768609040,senyumbersahajatambatan,senyum bersahaja,"izin bertanya pak gubernur kuansing tuh minang atau Melayu..
ko bendera Minangkabau yang berkibar di tiang pacangüôè
bukan nya bendera Melayu",2025-08-18T19:57:53,https://p16-sign-sg.tiktokcdn.com/tos-alisg-avt-0068/cab1d4103bbc804921a8fd15dbaa8f6f~tplv-tiktokx-cropcenter:100:100.jpg?dr=14579&refresh_token=763f9605&x-expires=1755756000&x-signature=4LpZgNH%2FyCov7zozoF9y8Nc13pk%3D&t=4d5b0474&ps=13740610&shp=30310797&shcp=ff37627b&idc=my,10,"[{'comment_id': '7539919089524163335', 'username': 'albian.ni.bos', 'nickname': 'AyamJago', 'comment': 'Kuansing lokasinya dekat dengan Sumbar sedangkan dengan Siak (kerajaan Melayu dulu) jauh. tapi Kuansing tetap mengaku Melayu.\nmusik randai salah satunya. Minang ada Kuansing pun ada', 'create_time': '2025-08-18T20:37:01', 'avatar': 'https://p16-sign-sg.tiktokcdn.com/tos-alisg-avt-0068/3fc54bed76495572e864ba3f18e86d6f~tplv-tiktokx-cropcenter:100:100.jpg?dr=14579&refresh_token=a5d3c9c4&x-expires=1755756000&x-signature=d9eB2TgGHttNTcaxltgRMvntOCA%3D&t=4d5b0474&ps=13740610&shp=30310797&shcp=ff37627b&idc=my', 'total_reply': None, 'replies': []}, {'comment_id': '7539919713058751239', 'username': 'albian.ni.bos', 'nickname': 'AyamJago', 'comment': 'CMIIW', 'create_time': '2025-08-18T20:39:29', 'avatar': 'https://p16-sign-sg.tiktokcdn.com/tos-alisg-avt-0068/3fc54bed76495572e864ba3f18e86d6f~tplv-tiktokx-cropcenter:100:100.jpg?dr=14579&refresh_token=a5d3c9c4&x-expires=1755756000&x-signature=d9eB2TgGHttNTcaxltgRMvntOCA%3D&t=4d5b0474&ps=13740610&shp=30310797&shcp=ff37627b&idc=my', 'total_reply': None, 'replies': []}, {'comment_id': '7539920926172005121', 'username': 'senyumbersahajatambatan', 'nickname': 'senyum bersahaja', 'comment': 'gtu yaüôè', 'create_time': '2025-08-18T20:44:10', 'avatar': 'https://p16-sign-sg.tiktokcdn.com/tos-alisg-avt-0068/cab1d4103bbc804921a8fd15dbaa8f6f~tplv-tiktokx-cropcenter:100:100.jpg?dr=14579&refresh_token=763f9605&x-expires=1755756000&x-signature=4LpZgNH%2FyCov7zozoF9y8Nc13pk%3D&t=4d5b0474&ps=13740610&shp=30310797&shcp=ff37627b&idc=my', 'total_reply': None, 'replies': []}, {'comment_id': '7539922281515827975', 'username': 'albian.ni.bos', 'nickname': 'AyamJago', 'comment': 'kalau tak salah gitu bg', 'create_time': '2025-08-18T20:49:24', 'avatar': 'https://p16-sign-sg.tiktokcdn.com/tos-alisg-avt-0068/3fc54bed76495572e864ba3f18e86d6f~tplv-tiktokx-cropcenter:100:100.jpg?dr=14579&refresh_token=a5d3c9c4&x-expires=1755756000&x-signature=d9eB2TgGHttNTcaxltgRMvntOCA%3D&t=4d5b0474&ps=13740610&shp=30310797&shcp=ff37627b&idc=my', 'total_reply': None, 'replies': []}, {'comment_id': '7540310999808410375', 'username': 'ummimalikahmad', 'nickname': 'Ummi Malik Ahmad', 'comment': 'Kuantan Singingi (Kuansing) bukan merupakan daerah orang Minang secara keseluruhan, tetapi merupakan daerah perantauan orang Minangkabau. Masyarakat Kuansing memiliki latar belakang budaya yang beragam, termasuk pengaruh dari Minangkabau, tetapi juga memiliki identitas budaya Melayu yang kuat sumber Google', 'create_time': '2025-08-19T21:57:49', 'avatar': 'https://p16-sign-sg.tiktokcdn.com/tos-alisg-avt-0068/5374e77376cdc3e8f8342972f14c8093~tplv-tiktokx-cropcenter:100:100.jpg?dr=14579&refresh_token=f2a06bad&x-expires=1755756000&x-signature=dU0R89Ul15nGgupx7dI5M%2BuYUow%3D&t=4d5b0474&ps=13740610&shp=30310797&shcp=ff37627b&idc=my', 'total_reply': None, 'replies': []}, {'comment_id': '7540480321695859464', 'username': 't.satria.l', 'nickname': 'T. S. Lubis', 'comment': 'dahulu kuansing termasuk kedalam wilayah kekuasaan pagaruyung di batusangkar, oleh karena itu di kuansing kuat sekali budaya minang, terlihat dari familiarnya panji marawa di kuansing.', 'create_time': '2025-08-20T08:54:53', 'avatar': 'https://p16-sign-sg.tiktokcdn.com/tos-alisg-avt-0068/4662a62a749c9dbacce62249042e0866~tplv-tiktokx-cropcenter:100:100.jpg?dr=14579&refresh_token=e8f5acd5&x-expires=1755756000&x-signature=SBtCR2TXW1tuhuQh629A0659agM%3D&t=4d5b0474&ps=13740610&shp=30310797&shcp=ff37627b&idc=my', 'total_reply': None, 'replies': []}, {'comment_id': '7539915748749460231', 'username': 'urang.padek.bacar', 'nickname': 'URANG PADEK BACARABIA', 'comment': 'klu melayu mungkin gak, minang anyuik iya üòÅüòÅüòÅüòÅüòÅ', 'create_time': '2025-08-18T20:24:05', 'avatar': 'https://p16-sign-va.tiktokcdn.com/tos-maliva-avt-0068/59855137657121e84189bfdb8fa8d4af~tplv-tiktokx-cropcenter:100:100.jpg?dr=14579&refresh_token=789030cc&x-expires=1755756000&x-signature=P%2BLumKzQmasV%2F6lw8hHl8RnsgBM%3D&t=4d5b0474&ps=13740610&shp=30310797&shcp=ff37627b&idc=my', 'total_reply': None, 'replies': []}, {'comment_id': '7539923041276592912', 'username': 'senyumbersahajatambatan', 'nickname': 'senyum bersahaja', 'comment': 'ü§£ü§£', 'create_time': '2025-08-18T20:52:27', 'avatar': 'https://p16-sign-sg.tiktokcdn.com/tos-alisg-avt-0068/cab1d4103bbc804921a8fd15dbaa8f6f~tplv-tiktokx-cropcenter:100:100.jpg?dr=14579&refresh_token=763f9605&x-expires=1755756000&x-signature=4LpZgNH%2FyCov7zozoF9y8Nc13pk%3D&t=4d5b0474&ps=13740610&shp=30310797&shcp=ff37627b&idc=my', 'total_reply': None, 'replies': []}, {'comment_id': '7539959684364010241', 'username': 'wellaramanda24', 'nickname': 'wellaramanda', 'comment': 'jangan gitu lah,kita ini sama semua satu indonesia,,yuk bersatu', 'create_time': '2025-08-18T23:14:33', 'avatar': 'https://p16-sign-sg.tiktokcdn.com/tos-alisg-avt-0068/72e15dfb87349aa17e22f0bb2ba5574d~tplv-tiktokx-cropcenter:100:100.jpg?dr=14579&refresh_token=28e2d620&x-expires=1755756000&x-signature=dbsne52Qqcd4cnh6uMiiy4od5jc%3D&t=4d5b0474&ps=13740610&shp=30310797&shcp=ff37627b&idc=my', 'total_reply': None, 'replies': []}, {'comment_id': '7539968839221560071', 'username': 'urang.padek.bacar', 'nickname': 'URANG PADEK BACARABIA', 'comment': 'ya gimana mau jelaskan, ada¬≤ aja yg ditanya. üòÅüòÅüòÅ', 'create_time': '2025-08-18T23:50:05', 'avatar': 'https://p16-sign-va.tiktokcdn.com/tos-maliva-avt-0068/59855137657121e84189bfdb8fa8d4af~tplv-tiktokx-cropcenter:100:100.jpg?dr=14579&refresh_token=789030cc&x-expires=1755756000&x-signature=P%2BLumKzQmasV%2F6lw8hHl8RnsgBM%3D&t=4d5b0474&ps=13740610&shp=30310797&shcp=ff37627b&idc=my', 'total_reply': None, 'replies': []}]"
7540112494016496400,rantysep,ntii,"ibo hati kami ngan di rantau ge pak, pacu jalur semakin meriah tapi kami ga bisa pulang kampung menyaksikanü•≤",2025-08-19T09:07:37,https://p16-sign-sg.tiktokcdn.com/tos-alisg-avt-0068/59d532b1ab8ea4654fee94ec1c08354c~tplv-tiktokx-cropcenter:100:100.jpg?dr=14579&refresh_token=422a948f&x-expires=1755756000&x-signature=T1dcPptal0gpBLCqPcdATrhTobM%3D&t=4d5b0474&ps=13740610&shp=30310797&shcp=ff37627b&idc=my,4,"[{'comment_id': '7540136739119137553', 'username': 'andydanuarta14', 'nickname': 'andydanuarta923', 'comment': 'minta cuti', 'create_time': '2025-08-19T10:44:51', 'avatar': 'https://p16-sign-sg.tiktokcdn.com/tos-alisg-avt-0068/5c1459ea04a2bc29ed563fc96fb8d023~tplv-tiktokx-cropcenter:100:100.jpg?dr=14579&refresh_token=3fa6bed5&x-expires=1755756000&x-signature=Rt8G8zh0mL4mWtTMHs6YoTWlZxg%3D&t=4d5b0474&ps=13740610&shp=30310797&shcp=ff37627b&idc=my', 'total_reply': None, 'replies': []}, {'comment_id': '7540137742640218888', 'username': 'rantysep', 'nickname': 'ntii', 'comment': 'ga dapat izin bgüò£', 'create_time': '2025-08-19T10:45:36', 'avatar': 'https://p16-sign-sg.tiktokcdn.com/tos-alisg-avt-0068/59d532b1ab8ea4654fee94ec1c08354c~tplv-tiktokx-cropcenter:100:100.jpg?dr=14579&refresh_token=422a948f&x-expires=1755756000&x-signature=T1dcPptal0gpBLCqPcdATrhTobM%3D&t=4d5b0474&ps=13740610&shp=30310797&shcp=ff37627b&idc=my', 'total_reply': None, 'replies': []}, {'comment_id': '7540142434740667154', 'username': 'safrinaelfyn', 'nickname': 'wang_kampuong', 'comment': 'samo sanak ü•π', 'create_time': '2025-08-19T11:03:44', 'avatar': 'https://p16-common-sign-useastred.tiktokcdn-eu.com/tos-useast2a-avt-0068-giso/7170672556441993242~tplv-tiktokx-cropcenter:100:100.jpg?dr=14579&refresh_token=9fddcc42&x-expires=1755756000&x-signature=Gi4hCWs%2F1G27gMd%2FMfjY0Dq1Amw%3D&t=4d5b0474&ps=13740610&shp=30310797&shcp=ff37627b&idc=my', 'total_reply': None, 'replies': []}, {'comment_id': '7540163604349109012', 'username': 'rantysep', 'nickname': 'ntii', 'comment': 'ü•≤', 'create_time': '2025-08-19T12:25:54', 'avatar': 'https://p16-sign-sg.tiktokcdn.com/tos-alisg-avt-0068/59d532b1ab8ea4654fee94ec1c08354c~tplv-tiktokx-cropcenter:100:100.jpg?dr=14579&refresh_token=422a948f&x-expires=1755756000&x-signature=T1dcPptal0gpBLCqPcdATrhTobM%3D&t=4d5b0474&ps=13740610&shp=30310797&shcp=ff37627b&idc=my', 'total_reply': None, 'replies': []}]"
7540328879589753618,who_i.m1,who i'm,"Kawan kawan dan tamu undangan yang di kuansing tolong nanti sampahnya jangan di buang di sungai ya, ingat kita di sorot dunia akan event besar ini jaga nama baik daerah dan negara kita‚ù§Ô∏èüôè",2025-08-19T23:07:13,https://p16-sign-va.tiktokcdn.com/tos-maliva-avt-0068/f034436cbc4337e25777082485086375~tplv-tiktokx-cropcenter:100:100.jpg?dr=14579&refresh_token=70e490c5&x-expires=1755756000&x-signature=0nN%2Bpmn8mO6GhNQbVW27NEyIlJQ%3D&t=4d5b0474&ps=13740610&shp=30310797&shcp=ff37627b&idc=my,0,[]
7539917620737753874,batikkuansing,Batik Kuansing Batik Nagori,berkunjung ke stand/gerai Batik Kuansing Batik Nagori bisuak pak,2025-08-18T20:31:20,https://p16-common-sign-useastred.tiktokcdn-eu.com/tos-useast2a-avt-0068-giso/e9779054d92fb7ec66b5a93267995aa4~tplv-tiktokx-cropcenter:100:100.jpg?dr=14579&refresh_token=94de12e0&x-expires=1755756000&x-signature=yrNFoBy%2BD4%2FwE%2B2vI2TCRlhbaj8%3D&t=4d5b0474&ps=13740610&shp=30310797&shcp=ff37627b&idc=my,4,"[{'comment_id': '7540201242535183121', 'username': 'adityapramana_01', 'nickname': 'adityapramana_01', 'comment': 'Dmna stand ny?', 'create_time': '2025-08-19T14:51:57', 'avatar': 'https://p16-sign-sg.tiktokcdn.com/tos-alisg-avt-0068/950b5874a785d7b9065108f1e609a28c~tplv-tiktokx-cropcenter:100:100.jpg?dr=14579&refresh_token=3e0236a5&x-expires=1755756000&x-signature=MxYkVZulAALt7QFO2ypbcLX62tw%3D&t=4d5b0474&ps=13740610&shp=30310797&shcp=ff37627b&idc=my', 'total_reply': None, 'replies': []}, {'comment_id': '7540202715273937672', 'username': 'batikkuansing', 'nickname': 'Batik Kuansing Batik Nagori', 'comment': 'di Sebelah kanan Panggung Utama. menghadap ke tugu air mancur.', 'create_time': '2025-08-19T14:57:43', 'avatar': 'https://p16-common-sign-useastred.tiktokcdn-eu.com/tos-useast2a-avt-0068-giso/e9779054d92fb7ec66b5a93267995aa4~tplv-tiktokx-cropcenter:100:100.jpg?dr=14579&refresh_token=94de12e0&x-expires=1755756000&x-signature=yrNFoBy%2BD4%2FwE%2B2vI2TCRlhbaj8%3D&t=4d5b0474&ps=13740610&shp=30310797&shcp=ff37627b&idc=my', 'total_reply': None, 'replies': []}, {'comment_id': '7540203265394688769', 'username': 'adityapramana_01', 'nickname': 'adityapramana_01', 'comment': 'Oke.. InshAllah kesanaüôèüôèüôè', 'create_time': '2025-08-19T14:59:59', 'avatar': 'https://p16-sign-sg.tiktokcdn.com/tos-alisg-avt-0068/950b5874a785d7b9065108f1e609a28c~tplv-tiktokx-cropcenter:100:100.jpg?dr=14579&refresh_token=3e0236a5&x-expires=1755756000&x-signature=MxYkVZulAALt7QFO2ypbcLX62tw%3D&t=4d5b0474&ps=13740610&shp=30310797&shcp=ff37627b&idc=my', 'total_reply': None, 'replies': []}, {'comment_id': '7540204030652990216', 'username': 'batikkuansing', 'nickname': 'Batik Kuansing Batik Nagori', 'comment': 'ditunggu pak, nomor 6 dari gerbangüôè', 'create_time': '2025-08-19T15:02:44', 'avatar': 'https://p16-common-sign-useastred.tiktokcdn-eu.com/tos-useast2a-avt-0068-giso/e9779054d92fb7ec66b5a93267995aa4~tplv-tiktokx-cropcenter:100:100.jpg?dr=14579&refresh_token=94de12e0&x-expires=1755756000&x-signature=yrNFoBy%2BD4%2FwE%2B2vI2TCRlhbaj8%3D&t=4d5b0474&ps=13740610&shp=30310797&shcp=ff37627b&idc=my', 'total_reply': None, 'replies': []}]"
7540092674801943314,yolandameilen,Y O L A N D A,"pak sekedar saran,untuk harga karcis,parkir,tribun,dan kulinernya jangan terlalu mahal,nanti orang"" ga mau lagi berkunjung kesana,jangan terlalu memanfaatkan acara ini untuk mengambil keuntungan besar",2025-08-19T07:50:47,https://p16-sign-sg.tiktokcdn.com/tos-alisg-avt-0068/5b3cdd6971405241e35f74a95271ec7c~tplv-tiktokx-cropcenter:100:100.jpg?dr=14579&refresh_token=fab2f256&x-expires=1755756000&x-signature=8JdJnX6P%2FopEBudb%2FAV1oJJ5UHU%3D&t=4d5b0474&ps=13740610&shp=30310797&shcp=ff37627b&idc=my,1,"[{'comment_id': '7540388019774227207', 'username': 'arieefahmad', 'nickname': 'manusia 1/2 dewa', 'comment': 'se2kali apa salahnyaüòÅüòÇ', 'create_time': '2025-08-20T02:56:47', 'avatar': 'https://p16-sign-va.tiktokcdn.com/tos-maliva-avt-0068/6ead2dfccdab893fd0f4efb0f52c5eb0~tplv-tiktokx-cropcenter:100:100.jpg?dr=14579&refresh_token=27103c68&x-expires=1755756000&x-signature=2bXckU8n%2BZ6cvHi1YJGUMgePyA8%3D&t=4d5b0474&ps=13740610&shp=30310797&shcp=ff37627b&idc=my', 'total_reply': None, 'replies': []}]"
7539863398973719303,om.black36,om black,yaa di jaman bapak lah pacu jalur semegah ini,2025-08-18T17:00:55,https://p16-sign-va.tiktokcdn.com/tos-maliva-avt-0068/88c1148df70b683a66b31bfbbdee0b24~tplv-tiktokx-cropcenter:100:100.jpg?dr=14579&refresh_token=ac3bfeaa&x-expires=1755756000&x-signature=DDiSwlBJ2cpgnkYOkO8YJYTuJSY%3D&t=4d5b0474&ps=13740610&shp=30310797&shcp=ff37627b&idc=my,3,"[{'comment_id': '7539903046508741392', 'username': 'ariperdana49', 'nickname': 'reinforceman', 'comment': 'disupport pemerintah pusat kan ya Krn keviralannya..cmiiw', 'create_time': '2025-08-18T19:34:49', 'avatar': 'https://p16-common-sign-useastred.tiktokcdn-eu.com/tos-useast2a-avt-0068-giso/ce5c60cb4e16b1fa89bcaca391facdb9~tplv-tiktokx-cropcenter:100:100.jpg?dr=14579&refresh_token=04ec0446&x-expires=1755756000&x-signature=PUrSvyYvKUL1QqVBa9QSI%2BlLPqU%3D&t=4d5b0474&ps=13740610&shp=30310797&shcp=ff37627b&idc=my', 'total_reply': None, 'replies': []}, {'comment_id': '7539887626082583297', 'username': 'pengestu29', 'nickname': 'putra Kuansing üå¥', 'comment': 'jos', 'create_time': '2025-08-18T18:34:56', 'avatar': 'https://p16-sign-sg.tiktokcdn.com/tos-alisg-avt-0068/7188e8859c1fa8b54a40578749882e96~tplv-tiktokx-cropcenter:100:100.jpg?dr=14579&refresh_token=73e57a2b&x-expires=1755756000&x-signature=kyB0BWhzKLstzzitEfxoF4OwHak%3D&t=4d5b0474&ps=13740610&shp=30310797&shcp=ff37627b&idc=my', 'total_reply': None, 'replies': []}, {'comment_id': '7539984943993635585', 'username': 'broeyiwan75882', 'nickname': 'the _arios', 'comment': 'GK bisa bayar honorer dari pacu jalur', 'create_time': '2025-08-19T00:52:38', 'avatar': 'https://p16-sign-va.tiktokcdn.com/tos-maliva-avt-0068/e417a527c577b3019107243466cb32c3~tplv-tiktokx-cropcenter:100:100.jpg?dr=14579&refresh_token=7a813728&x-expires=1755756000&x-signature=4EGA9vD8qqy6q4Vs%2F6mL9iUeqVU%3D&t=4d5b0474&ps=13740610&shp=30310797&shcp=ff37627b&idc=my', 'total_reply': None, 'replies': []}]"
7539865988755374855,arialjayamobilindo,arial jaya,"Warga Riau d jaga dan d kawal gubernur kita ya,,takut nanti kisahnya sama kayak bupati teluk meranti yg memperjuangkan rakyat malah d krimalisasi pusat
pak gubernur bilang APAKAH KAMI HARUS TERIAK MERDEKA LAGI di sini saya merasa dia tulus dan betul betul mau masyarakat nya sejahtera",2025-08-18T17:11:00,https://p16-sign-sg.tiktokcdn.com/tos-alisg-avt-0068/6208c7eaccea0512d65463f8d353ba12~tplv-tiktokx-cropcenter:100:100.jpg?dr=14579&refresh_token=09169dfd&x-expires=1755756000&x-signature=lqXFhz25JDfnSLs87CMYlsAg4vM%3D&t=4d5b0474&ps=13740610&shp=30310797&shcp=ff37627b&idc=my,0,[]
7540294719029854984,bgrayy_,ùîπùïò‚Ñùùïíùï™ùï™_Ô£ø,Jalan ala elok dari kubang ke taluok tu cu??,2025-08-19T20:54:39,https://p16-sign-va.tiktokcdn.com/tos-maliva-avt-0068/d858bb005e4061d9693059f3c72b7441~tplv-tiktokx-cropcenter:100:100.jpg?dr=14579&refresh_token=f996c54f&x-expires=1755756000&x-signature=luhvShUhtRv4wKKpZtcYyF7JGNc%3D&t=4d5b0474&ps=13740610&shp=30310797&shcp=ff37627b&idc=my,1,"[{'comment_id': '7540469525902344978', 'username': 'kb_ang87', 'nickname': 'kb', 'comment': 'la mantap cu, gas ka toluak cu', 'create_time': '2025-08-20T08:13:07', 'avatar': 'https://p16-sign-va.tiktokcdn.com/tos-maliva-avt-0068/b9a732c5b450d48063289754bc1de1d4~tplv-tiktokx-cropcenter:100:100.jpg?dr=14579&refresh_token=ad292b6e&x-expires=1755756000&x-signature=cdDIijQeUCCJ1dVxHZL5S9%2BL10c%3D&t=4d5b0474&ps=13740610&shp=30310797&shcp=ff37627b&idc=my', 'total_reply': None, 'replies': []}]"
7539856305685021460,eviiwulandarii,ygyy,bosda tidak cair cairr pak gub,2025-08-18T16:33:28,https://p16-sign-sg.tiktokcdn.com/tos-alisg-avt-0068/a9dbb9c8d1d652659f91be4e3ef9e45a~tplv-tiktokx-cropcenter:100:100.jpg?dr=14579&refresh_token=cc6d807d&x-expires=1755756000&x-signature=sjMJlCm28oZudYuuECVx0CTg9kM%3D&t=4d5b0474&ps=13740610&shp=30310797&shcp=ff37627b&idc=my,1,"[{'comment_id': '7539954839092462343', 'username': 'obat_ilmu_alam', 'nickname': 'obat_ilmu_alam', 'comment': 'ya nih', 'create_time': '2025-08-18T22:55:48', 'avatar': 'https://p16-sign-sg.tiktokcdn.com/tos-alisg-avt-0068/c188af527950d3b018c911c75c34ba3b~tplv-tiktokx-cropcenter:100:100.jpg?dr=14579&refresh_token=bcaf5457&x-expires=1755756000&x-signature=36QsK%2FOAXK%2Bqb6WB6fZIYiJR6AQ%3D&t=4d5b0474&ps=13740610&shp=30310797&shcp=ff37627b&idc=my', 'total_reply': None, 'replies': []}]"
7539850957854180104,hijrahnursery,hijrah nursery,bosda tak cair baru do pak. gimana mau nonton pacu. üòÇüòÇ,2025-08-18T16:12:39,https://p16-sign-sg.tiktokcdn.com/tos-alisg-avt-0068/d2ee9766a77cbd71a3ef578d247c11f3~tplv-tiktokx-cropcenter:100:100.jpg?dr=14579&refresh_token=38a6f23d&x-expires=1755756000&x-signature=7Li57GrPQCQrK30D7%2B1ELBvAq1k%3D&t=4d5b0474&ps=13740610&shp=30310797&shcp=ff37627b&idc=my,1,"[{'comment_id': '7539955147897996039', 'username': 'obat_ilmu_alam', 'nickname': 'obat_ilmu_alam', 'comment': 'ya betul. pas-pasan makan', 'create_time': '2025-08-18T22:56:57', 'avatar': 'https://p16-sign-sg.tiktokcdn.com/tos-alisg-avt-0068/c188af527950d3b018c911c75c34ba3b~tplv-tiktokx-cropcenter:100:100.jpg?dr=14579&refresh_token=bcaf5457&x-expires=1755756000&x-signature=36QsK%2FOAXK%2Bqb6WB6fZIYiJR6AQ%3D&t=4d5b0474&ps=13740610&shp=30310797&shcp=ff37627b&idc=my', 'total_reply': None, 'replies': []}]"
7540345224175207185,candrazeins,PEACE,"pak , edukasi dan himbau masyarakat , tertibkan lagi tentang buang sampah pada tempatnya",2025-08-20T00:10:38,https://p16-sign-sg.tiktokcdn.com/tos-alisg-avt-0068/662c7af4f4a27b755790ef782ada1ca4~tplv-tiktokx-cropcenter:100:100.jpg?dr=14579&refresh_token=78f704a4&x-expires=1755756000&x-signature=tNckrcJVcGyuRIszmkXMYafqTF0%3D&t=4d5b0474&ps=13740610&shp=30310797&shcp=ff37627b&idc=my,0,[]
7540239339058447122,hendr_444,‚ìÇÔ∏èahndra,liburkan kami sekolah pak biar bisa tengok nyüòÖüòÖ,2025-08-19T17:19:42,https://p16-sign-sg.tiktokcdn.com/tos-alisg-avt-0068/1abe17876d66f753adef4b5d1fe22f47~tplv-tiktokx-cropcenter:100:100.jpg?dr=14579&refresh_token=e84d6cb7&x-expires=1755756000&x-signature=h1xWT46xRt4vedcgb%2FfhRzW8CeI%3D&t=4d5b0474&ps=13740610&shp=30310797&shcp=ff37627b&idc=my,0,[]
7539920035771532040,melly_sha,mellysha,"jan smpai tunda bayar th 2024 brlnjut ke th 2025 yo bpak"" yth",2025-08-18T20:40:38,https://p16-sign-sg.tiktokcdn.com/tos-alisg-avt-0068/d1b3907c52ce0756a2bbf70048e23be1~tplv-tiktokx-cropcenter:100:100.jpg?dr=14579&refresh_token=8f3c24cc&x-expires=1755756000&x-signature=mX7VezfMxUggJADisiqDYnC0Blc%3D&t=4d5b0474&ps=13740610&shp=30310797&shcp=ff37627b&idc=my,0,[]
7539911999326470930,yoga_sptra01,Yoga Official Reaal1,ndk Tatengok pacu. model ko keadaan ekonomi rek kami ro Pak Gubernur ü•π,2025-08-18T20:09:30,https://p16-sign-sg.tiktokcdn.com/tos-alisg-avt-0068/3bca69b631bf75f74430e7fd040a37ef~tplv-tiktokx-cropcenter:100:100.jpg?dr=14579&refresh_token=d0f188a9&x-expires=1755756000&x-signature=eYR6Dplr%2BLKBsDw%2FGAZipAB5dKg%3D&t=4d5b0474&ps=13740610&shp=30310797&shcp=ff37627b&idc=my,0,[]
7539848433873208072,bia_wak06,aRlewi,"makasih bang gubri,kami pendukung,melindungi pak gub,kebetulan Kuansing asli bang,ü§£",2025-08-18T16:05:14,https://p16-sign-va.tiktokcdn.com/musically-maliva-obj/1594805258216454~tplv-tiktokx-cropcenter:100:100.jpg?dr=14579&refresh_token=827b7b4d&x-expires=1755756000&x-signature=wjx7Eg80z4IpvBmQccs78LNGQrk%3D&t=4d5b0474&ps=13740610&shp=30310797&shcp=ff37627b&idc=my,0,[]
7539858899983237908,potrettransformasi,potrettransformasi,guru gaji honorer nyimak di pojokan üî•,2025-08-18T16:43:29,https://p16-sign-sg.tiktokcdn.com/tos-alisg-avt-0068/0993aa75163afc69ab56ba3fc8b446b3~tplv-tiktokx-cropcenter:100:100.jpg?dr=14579&refresh_token=cd9b9114&x-expires=1755756000&x-signature=odOf8G%2FrKDqg0aAakCFglBL4QI4%3D&t=4d5b0474&ps=13740610&shp=30310797&shcp=ff37627b&idc=my,0,[]
7539892471628366610,islinamardi,Islina Mardi,"jalan bagus ndak pak,",2025-08-18T18:53:46,https://p16-sign-sg.tiktokcdn.com/tos-alisg-avt-0068/7328578808154423297~tplv-tiktokx-cropcenter:100:100.jpg?dr=14579&refresh_token=caf5701b&x-expires=1755756000&x-signature=R%2FQoXh8SMegEL299oJQQliblYvU%3D&t=4d5b0474&ps=13740610&shp=30310797&shcp=ff37627b&idc=my,0,[]
7539923975527203592,muhammad.shohibul73,shohibul,"pak gubenur...
sudah kah bapak tahu kalo di meranti lagi banyak toko yg kosong stock beras pak...
kami pedagang makanan setiap hari mencari susah pak.
tolong info nya pak!?!?!!",2025-08-18T20:55:56,https://p16-sign-va.tiktokcdn.com/tos-maliva-avt-0068/c7cbb94de12333be7bdabf5d4873e76e~tplv-tiktokx-cropcenter:100:100.jpg?dr=14579&refresh_token=f68cad88&x-expires=1755756000&x-signature=oJ%2BjDK%2FsCn3w703mU3rJJxyIjIo%3D&t=4d5b0474&ps=13740610&shp=30310797&shcp=ff37627b&idc=my,0,[]
7540121938515346184,mjodirjld,Jodii,jalan tembilahan rusak pak,2025-08-19T09:44:16,https://p16-sign-sg.tiktokcdn.com/tos-alisg-avt-0068/6b40c0e344dac9058064dae067d613a3~tplv-tiktokx-cropcenter:100:100.jpg?dr=14579&refresh_token=6b9475ae&x-expires=1755756000&x-signature=7DeW3hZQMyNusWHE7SfNSXD6J34%3D&t=4d5b0474&ps=13740610&shp=30310797&shcp=ff37627b&idc=my,0,[]
7540109152640303892,ayongjr17,Ayong,,2025-08-19T08:54:40,https://p16-sign-sg.tiktokcdn.com/tos-alisg-avt-0068/0eea52c410a6bb4352984202ebefa31c~tplv-tiktokx-cropcenter:100:100.jpg?dr=14579&refresh_token=bf8c63dd&x-expires=1755756000&x-signature=KrA1qw%2FUJJz7AVd57yVpj2eZHds%3D&t=4d5b0474&ps=13740610&shp=30310797&shcp=ff37627b&idc=my,0,[]
7539903698953487122,enfarezy,een,keluhan pendatang dari luar biasanya tak ada lahan parkir .kalaupun ada harga selangit.,2025-08-18T19:37:18,https://p16-sign-sg.tiktokcdn.com/tos-alisg-avt-0068/988e1a582efba6e3ad1a07754532f4cc~tplv-tiktokx-cropcenter:100:100.jpg?dr=14579&refresh_token=3b2d3017&x-expires=1755756000&x-signature=%2BWNjr2iCtN%2B1XGL2GwJ7Z7gTS74%3D&t=4d5b0474&ps=13740610&shp=30310797&shcp=ff37627b&idc=my,0,[]
7539939320693588744,desnitaenggrianii,desnitaenggrianii,pak gubernur orang taluk yg tugas di pekanbaru boleh izin ya pak,2025-08-18T21:55:33,https://p16-sign-sg.tiktokcdn.com/tos-alisg-avt-0068/2bd3d5f5233decd3e17873bf82cac6d4~tplv-tiktokx-cropcenter:100:100.jpg?dr=14579&refresh_token=aa6d66f2&x-expires=1755756000&x-signature=qZBbyBg%2BTroQFLled5sjwi%2Fip3Q%3D&t=4d5b0474&ps=13740610&shp=30310797&shcp=ff37627b&idc=my,0,[]
7539888089440224021,pengestu29,putra Kuansing üå¥,sehat selalu gubernur Riau semoga jalan di xtran jg cepet di perbaiki dan di aspal karna banyak jalan yg rusak,2025-08-18T18:36:43,https://p16-sign-sg.tiktokcdn.com/tos-alisg-avt-0068/7188e8859c1fa8b54a40578749882e96~tplv-tiktokx-cropcenter:100:100.jpg?dr=14579&refresh_token=73e57a2b&x-expires=1755756000&x-signature=kyB0BWhzKLstzzitEfxoF4OwHak%3D&t=4d5b0474&ps=13740610&shp=30310797&shcp=ff37627b&idc=my,0,[]
7540523291210007303,lia239295,Lia,lgi di nonton nii,2025-08-20T11:41:44,https://p16-sign-va.tiktokcdn.com/musically-maliva-obj/1594805258216454~tplv-tiktokx-cropcenter:100:100.jpg?dr=14579&refresh_token=827b7b4d&x-expires=1755756000&x-signature=wjx7Eg80z4IpvBmQccs78LNGQrk%3D&t=4d5b0474&ps=13740610&shp=30310797&shcp=ff37627b&idc=my,0,[]
7539824491267490568,nasrulbestari,SAHABAT NASRUL,mantab pak gubernur semoga sukses üòä üôè,2025-08-18T14:29:59,https://p16-sign-va.tiktokcdn.com/tos-maliva-avt-0068/ed5b8dd5bd10419c4ca912063cd45194~tplv-tiktokx-cropcenter:100:100.jpg?dr=14579&refresh_token=7756edab&x-expires=1755756000&x-signature=u9j0MwNhXwklINkQ1RbyLYPDerI%3D&t=4d5b0474&ps=13740610&shp=30310797&shcp=ff37627b&idc=my,0,[]
7540542170739786504,abang805abang,AbangKu,keren..,2025-08-20T12:54:55,https://p16-sign-sg.tiktokcdn.com/tos-alisg-avt-0068/6cccd23f917fd371118ca93e5d39099f~tplv-tiktokx-cropcenter:100:100.jpg?dr=14579&refresh_token=3140b916&x-expires=1755756000&x-signature=bIr%2B3xCuNEgYLcCPvzokFtpNcWM%3D&t=4d5b0474&ps=13740610&shp=30310797&shcp=ff37627b&idc=my,0,[]
7540484010969170696,nw81____________,N@bil,"Sukses acaranya pak pati,, lancar semua",2025-08-20T09:09:18,https://p16-sign-sg.tiktokcdn.com/tos-alisg-avt-0068/dcd654070e1f84a2a346ff6448d87862~tplv-tiktokx-cropcenter:100:100.jpg?dr=14579&refresh_token=2192b228&x-expires=1755756000&x-signature=pVE5CwhM7E6ooagZbE0z%2FMjqTCU%3D&t=4d5b0474&ps=13740610&shp=30310797&shcp=ff37627b&idc=my,0,[]
7540522853251859218,hbrt_17,Hbrt_17,"Andai air sugainya bisa dibutuhkan lebih jernih pasti lebih mantap lagi, semoga acara pacu jalur suksesüôè",2025-08-20T11:39:56,https://p16-sign-va.tiktokcdn.com/tos-maliva-avt-0068/7241143947697848326~tplv-tiktokx-cropcenter:100:100.jpg?dr=14579&refresh_token=7b904230&x-expires=1755756000&x-signature=WdOH6b5HXqx7jb5SxX2b5B3yZTo%3D&t=4d5b0474&ps=13740610&shp=30310797&shcp=ff37627b&idc=my,0,[]
7540526825689842453,who0evercould,vaaa,KERENN BAPAKKK üî•,2025-08-20T11:55:24,https://p16-sign-sg.tiktokcdn.com/tos-alisg-avt-0068/07618a0940b475c5c77e4cb5ae29fbfa~tplv-tiktokx-cropcenter:100:100.jpg?dr=14579&refresh_token=053601d2&x-expires=1755756000&x-signature=w67jHn6lul4RkxWFvq4aCXAYLrs%3D&t=4d5b0474&ps=13740610&shp=30310797&shcp=ff37627b&idc=my,0,[]
7539851443038470930,hijrahnursery,hijrah nursery,paruh waktu untuk R2 dan R3 kapan pak. agar kepastian buat kami.bukan untuk kaya pak hanya untuk kehidupan sehari-hari pak.,2025-08-18T16:14:30,https://p16-sign-sg.tiktokcdn.com/tos-alisg-avt-0068/d2ee9766a77cbd71a3ef578d247c11f3~tplv-tiktokx-cropcenter:100:100.jpg?dr=14579&refresh_token=38a6f23d&x-expires=1755756000&x-signature=7Li57GrPQCQrK30D7%2B1ELBvAq1k%3D&t=4d5b0474&ps=13740610&shp=30310797&shcp=ff37627b&idc=my,0,[]
7540494856725889810,daikty,Daikty,"pak mo tanya, kalo acara pacu jalur ga pernah ada buaya ya di sungai nya?",2025-08-20T09:51:18,https://p16-sign-sg.tiktokcdn.com/tos-alisg-avt-0068/98ba0663d4f9170dd0071ead37b255c8~tplv-tiktokx-cropcenter:100:100.jpg?dr=14579&refresh_token=02b1663b&x-expires=1755756000&x-signature=%2Bnj1FPVmcyUUyQdCazZodbmcgzA%3D&t=4d5b0474&ps=13740610&shp=30310797&shcp=ff37627b&idc=my,0,[]
7540417963309417223,dedimizwar613,Dedi Elektronika,"memang kalau pemimpin orang melayu minang taat agamanya, cerdas, dan jujur. makanya rakyatnya makmur",2025-08-20T04:53:13,https://p16-sign-sg.tiktokcdn.com/tos-alisg-avt-0068/a285d856c5b6724a266c928254639425~tplv-tiktokx-cropcenter:100:100.jpg?dr=14579&refresh_token=5d50d355&x-expires=1755756000&x-signature=OTY8K8mdD2eRUUwenPUfal36lSA%3D&t=4d5b0474&ps=13740610&shp=30310797&shcp=ff37627b&idc=my,0,[]
7540500133495980808,jejen_411,alex,mntp,2025-08-20T10:11:48,https://p16-sign-va.tiktokcdn.com/tos-maliva-avt-0068/2c3cb7bc694273947f87b2f83059de23~tplv-tiktokx-cropcenter:100:100.jpg?dr=14579&refresh_token=8edd4a37&x-expires=1755756000&x-signature=%2BqGYOy7r74BK5g1kyBfVUnxwNUQ%3D&t=4d5b0474&ps=13740610&shp=30310797&shcp=ff37627b&idc=my,0,[]
7540364348759147271,thiniamartha.h,thiniamartha.h,Gak pernah sesedih ini gak bisa pulkam tahun iniüò≠üò≠ biasa setiap tahun pasti pulang kampung .,2025-08-20T01:24:55,https://p16-common-sign-useastred.tiktokcdn-eu.com/tos-useast2a-avt-0068-giso/d40d73c6a1b31397792e9446a4beea30~tplv-tiktokx-cropcenter:100:100.jpg?dr=14579&refresh_token=4dcbb869&x-expires=1755756000&x-signature=Mdj8Qgw%2F15FRpq4igJcDn55ED7Y%3D&t=4d5b0474&ps=13740610&shp=30310797&shcp=ff37627b&idc=my,0,[]
7540489720876368648,petrussimbolon24,Petrus Boyke Simbolon,mau kesana gak ada kwnüò≠,2025-08-20T09:31:28,https://p16-sign-sg.tiktokcdn.com/tos-alisg-avt-0068/35eca1e31ea61604d57e9a889370d9a3~tplv-tiktokx-cropcenter:100:100.jpg?dr=14579&refresh_token=60ca1e75&x-expires=1755756000&x-signature=X95tqC%2Fs6GDgTN7%2B%2FrjX4AwHEMA%3D&t=4d5b0474&ps=13740610&shp=30310797&shcp=ff37627b&idc=my,0,[]
7540473269754594055,pop.ice96,pop ice,"kmren di demo pak, bapak kmn?ü§£",2025-08-20T08:27:35,https://p16-sign-sg.tiktokcdn.com/tos-alisg-avt-0068/d19e73446a3b850db620d243525a53c4~tplv-tiktokx-cropcenter:100:100.jpg?dr=14579&refresh_token=f7676178&x-expires=1755756000&x-signature=5zd3J4gSOeHfunPj%2BIN8%2FM0NRII%3D&t=4d5b0474&ps=13740610&shp=30310797&shcp=ff37627b&idc=my,0,[]
7540302751243518736,uhe.ust.hendrik,uhe (ust hendrik),semoga sukses acaranya....merdekaaaaüëçüëçüëçüëçüëçüëçüëçüëçüëçüëçüëçüëçüëçüëçüëçüëç,2025-08-19T21:25:48,https://p16-sign-va.tiktokcdn.com/tos-maliva-avt-0068/f1ae1acf2fece369ec5eb7e3b48fe7c2~tplv-tiktokx-cropcenter:100:100.jpg?dr=14579&refresh_token=7b5102cd&x-expires=1755756000&x-signature=ERMN6iBaLK5gvjmak8ntffUr13o%3D&t=4d5b0474&ps=13740610&shp=30310797&shcp=ff37627b&idc=my,0,[]
7540344639435670279,.wennish,.wennish,Buat para pedagang.. jangan di naikin yaa harganya ‚ò∫Ô∏è‚ò∫Ô∏è,2025-08-20T00:08:25,https://p16-sign-sg.tiktokcdn.com/tos-alisg-avt-0068/87060ce9009580f621a45c93f3fbdb8c~tplv-tiktokx-cropcenter:100:100.jpg?dr=14579&refresh_token=a4a2985d&x-expires=1755756000&x-signature=qmFv97dJlphmQX8GRptLzBkP14E%3D&t=4d5b0474&ps=13740610&shp=30310797&shcp=ff37627b&idc=my,0,[]
7540206232810193682,yusuf_farhann,Yusuf farhanüßî‚Äç‚ôÇÔ∏è,"Please mau nanya,itu pesertanya tingkat kabupaten,atau gimana,?",2025-08-19T15:11:20,https://p16-sign-sg.tiktokcdn.com/tos-alisg-avt-0068/4d2126696a4482ad69c83551cc1e2fe8~tplv-tiktokx-cropcenter:100:100.jpg?dr=14579&refresh_token=48a6ee50&x-expires=1755756000&x-signature=93ppFxK24Ua0iVaYQiiH7wIVdFU%3D&t=4d5b0474&ps=13740610&shp=30310797&shcp=ff37627b&idc=my,0,[]
7540275239730823954,anjasiak87,‚àÜ N J ‚àÜü´ß,"sukses acara, semoga semakin berjaya kuansing dan Riau",2025-08-19T19:39:06,https://p16-sign-sg.tiktokcdn.com/tos-alisg-avt-0068/1443115bdf30d2c72e34c6c28222a77c~tplv-tiktokx-cropcenter:100:100.jpg?dr=14579&refresh_token=0b7036c4&x-expires=1755756000&x-signature=YwrTCO6idzahOHXeoEwvGq58AN8%3D&t=4d5b0474&ps=13740610&shp=30310797&shcp=ff37627b&idc=my,0,[]
7540346269609771783,muhanwarsadat,user4940121733115,Kerenn Pak Gub.. semoga acaranya lancar.. aamiin,2025-08-20T00:17:01,https://p16-sign-va.tiktokcdn.com/musically-maliva-obj/1594805258216454~tplv-tiktokx-cropcenter:100:100.jpg?dr=14579&refresh_token=827b7b4d&x-expires=1755756000&x-signature=wjx7Eg80z4IpvBmQccs78LNGQrk%3D&t=4d5b0474&ps=13740610&shp=30310797&shcp=ff37627b&idc=my,0,[]
7540339637270020872,senandung8,supri 02,salam kayuah,2025-08-19T23:48:58,https://p16-sign-sg.tiktokcdn.com/tos-alisg-avt-0068/69ee347b272e5c8efa586d4b09d4fbae~tplv-tiktokx-cropcenter:100:100.jpg?dr=14579&refresh_token=0360f192&x-expires=1755756000&x-signature=eYciGhm4SWaYipZa%2B6azGqELp9w%3D&t=4d5b0474&ps=13740610&shp=30310797&shcp=ff37627b&idc=my,0,[]
7540226525002482448,sudarmonosudarmo96,Sudarmono,jadikan event international pak.. fasilitas nya juga kelas international,2025-08-19T16:30:03,https://p16-common-sign-useastred.tiktokcdn-eu.com/tos-useast2a-avt-0068-giso/edac5ff0818c367a7db0008fe064659d~tplv-tiktokx-cropcenter:100:100.jpg?dr=14579&refresh_token=e4eab53c&x-expires=1755756000&x-signature=8hyX00Q3Lzg1wtqXXhHIrvPdESc%3D&t=4d5b0474&ps=13740610&shp=30310797&shcp=ff37627b&idc=my,0,[]
7540287873501823752,arybrata5,Ari Brata,alangkah Serunya ada peserta dr luar negeri,2025-08-19T20:28:04,https://p16-sign-va.tiktokcdn.com/tos-maliva-avt-0068/d4c253e2e9eb32ce67b206231a1cf1c3~tplv-tiktokx-cropcenter:100:100.jpg?dr=14579&refresh_token=935bd912&x-expires=1755756000&x-signature=r0p%2FCQVeMiemyAb010NibE9qVYk%3D&t=4d5b0474&ps=13740610&shp=30310797&shcp=ff37627b&idc=my,0,[]
7540165346109981447,harunwijaya10,ùòèùò¢ùò≥ùò∂ùòØ ùò∏ùò™ùò´ùò¢ùò∫ùò¢,pak Wahid gaji guru Tahfidz kok lama kali kluarnya sebelum nya pertangan tahun udah gajian pak tolong pak,2025-08-19T12:32:42,https://p16-sign-sg.tiktokcdn.com/tos-alisg-avt-0068/4e442465d08a4e6c815ff9135c3cec38~tplv-tiktokx-cropcenter:100:100.jpg?dr=14579&refresh_token=b529b530&x-expires=1755756000&x-signature=qsJkrL6mDzfDvxBsx9J52oXyBmo%3D&t=4d5b0474&ps=13740610&shp=30310797&shcp=ff37627b&idc=my,0,[]
7540251739933459208,user2659653280008,susi,tunggu tanggal main nya pasti ini orang di tangkap KPK,2025-08-19T18:07:50,https://p16-sign-va.tiktokcdn.com/musically-maliva-obj/1594805258216454~tplv-tiktokx-cropcenter:100:100.jpg?dr=14579&refresh_token=827b7b4d&x-expires=1755756000&x-signature=wjx7Eg80z4IpvBmQccs78LNGQrk%3D&t=4d5b0474&ps=13740610&shp=30310797&shcp=ff37627b&idc=my,0,[]
7540251003065533191,hasnajuita495,Hasna Juita,salam kayuah Pak Gubernurü•∞ü•∞ü•∞,2025-08-19T18:04:58,https://p16-sign-va.tiktokcdn.com/tos-maliva-avt-0068/ba49cf23f0eac5cf4df636d2a5e8073c~tplv-tiktokx-cropcenter:100:100.jpg?dr=14579&refresh_token=0eee75c2&x-expires=1755756000&x-signature=Lb%2B%2Brr4rO9Y5JYrnHX93iaIrTJA%3D&t=4d5b0474&ps=13740610&shp=30310797&shcp=ff37627b&idc=my,0,[]
7540225523835749127,amure.23,Nico,Pak tolong di peringatkan warga buat kg kebersihan...üëèüëèüëè,2025-08-19T16:26:11,https://p16-sign-va.tiktokcdn.com/tos-maliva-avt-0068/e728bbf61f76fecf8535d8fad6fb27b9~tplv-tiktokx-cropcenter:100:100.jpg?dr=14579&refresh_token=c742c0e5&x-expires=1755756000&x-signature=mdn7h5sm0Tu%2BtmaSN1poPWv2E1g%3D&t=4d5b0474&ps=13740610&shp=30310797&shcp=ff37627b&idc=my,0,[]
7540452212863419152,simanis4493,CINTA Q,mantapüëçüëçüëçüí™üí™üí™,2025-08-20T07:06:00,https://p16-sign-sg.tiktokcdn.com/tos-alisg-avt-0068/3bb802b4f2b6245eaeb9df6310b8a75f~tplv-tiktokx-cropcenter:100:100.jpg?dr=14579&refresh_token=479c307d&x-expires=1755756000&x-signature=d3NQ2ahv28AboZ3Dd2yagB6KRR8%3D&t=4d5b0474&ps=13740610&shp=30310797&shcp=ff37627b&idc=my,0,[]
7540225523835749127,amure.23,Nico,Pak tolong di peringatkan warga buat kg kebersihan...üëèüëèüëè,2025-08-19T16:26:11,https://p16-sign-va.tiktokcdn.com/tos-maliva-avt-0068/e728bbf61f76fecf8535d8fad6fb27b9~tplv-tiktokx-cropcenter:100:100.jpg?dr=14579&refresh_token=c742c0e5&x-expires=1755756000&x-signature=mdn7h5sm0Tu%2BtmaSN1poPWv2E1g%3D&t=4d5b0474&ps=13740610&shp=30310797&shcp=ff37627b&idc=my,0,[]
7540178934694429458,gusnanmarjani.gg,GhanGhin,cara muka,2025-08-19T13:25:22,https://p16-sign-sg.tiktokcdn.com/tos-alisg-avt-0068/3cba0bd124e7950cdbc7840175e9a2bd~tplv-tiktokx-cropcenter:100:100.jpg?dr=14579&refresh_token=514b24b9&x-expires=1755756000&x-signature=fPHZvhOKCYbaEJ0caEoWApZMSAA%3D&t=4d5b0474&ps=13740610&shp=30310797&shcp=ff37627b&idc=my,0,[]
7540202087248003847,shintaandriani34,Sh!nt@,Semoga menjadi ladang devisa di kuantan,2025-08-19T14:55:17,https://p16-common-sign-useastred.tiktokcdn-eu.com/tos-useast2a-avt-0068-giso/7223438301196681242~tplv-tiktokx-cropcenter:100:100.jpg?dr=14579&refresh_token=443d5364&x-expires=1755756000&x-signature=nowvL5A9TVsTXy4QmRUKMHAY7wU%3D&t=4d5b0474&ps=13740610&shp=30310797&shcp=ff37627b&idc=my,0,[]
7540188035243049746,naemma980,Naemma,pak anak2 ibu A@isar go pak taluk kuantan titip y pak anak ibu soleh tu,2025-08-19T14:00:44,https://p16-sign-va.tiktokcdn.com/musically-maliva-obj/1594805258216454~tplv-tiktokx-cropcenter:100:100.jpg?dr=14579&refresh_token=827b7b4d&x-expires=1755756000&x-signature=wjx7Eg80z4IpvBmQccs78LNGQrk%3D&t=4d5b0474&ps=13740610&shp=30310797&shcp=ff37627b&idc=my,0,[]
7540199259690779413,apulsihombing,Apul Nababan,apa info CSR BI itu pak Gubernur,2025-08-19T14:44:14,https://p16-sign-sg.tiktokcdn.com/tos-alisg-avt-0068/5f5e242ebdb3e10b142ec6cdd0ad9308~tplv-tiktokx-cropcenter:100:100.jpg?dr=14579&refresh_token=c0ea7de7&x-expires=1755756000&x-signature=G42o79EAWxQuRzY7FylrOjzYqDM%3D&t=4d5b0474&ps=13740610&shp=30310797&shcp=ff37627b&idc=my,0,[]
7540251810817213202,imah.fau,fauzimah polwan Smarts Umroh,sukses..doa kami...Allah akan beri yg terbaik..,2025-08-19T18:08:06,https://p16-sign-va.tiktokcdn.com/tos-maliva-avt-0068/2c468957acdc535145979793006e53f4~tplv-tiktokx-cropcenter:100:100.jpg?dr=14579&refresh_token=0368a3b6&x-expires=1755756000&x-signature=Rqi8Bcjj4IGcCOZrLeZzXPiEvsI%3D&t=4d5b0474&ps=13740610&shp=30310797&shcp=ff37627b&idc=my,0,[]
7540005852774712071,pejuang_rupiah582,ratnadewi43261,modal untuk kesana nggak ada lagi dompeng kenak razia,2025-08-19T02:13:44,https://p16-common-sign-useastred.tiktokcdn-eu.com/tos-useast2a-avt-0068-giso/7166159222030696475~tplv-tiktokx-cropcenter:100:100.jpg?dr=14579&refresh_token=67e19662&x-expires=1755756000&x-signature=rX8S3WcAJXcB5%2FIs%2BuowMH7nBpU%3D&t=4d5b0474&ps=13740610&shp=30310797&shcp=ff37627b&idc=my,0,[]
7540072345635357447,libra14739,Libra‚ú®‚ú®,Semoga Acaranya sukses . cuma jalan untuk ke Kuansing banyak yg rusak.,2025-08-19T06:31:55,https://p16-sign-va.tiktokcdn.com/tos-maliva-avt-0068/d7c57b285492c5c3d986d824573ee14a~tplv-tiktokx-cropcenter:100:100.jpg?dr=14579&refresh_token=87f991a3&x-expires=1755756000&x-signature=q8aSQXArJa5D7y%2FdCwNyoLTyXbI%3D&t=4d5b0474&ps=13740610&shp=30310797&shcp=ff37627b&idc=my,0,[]
7540110829140706056,tonyroy_m2000,TONY ROY M2000,Jauh lbh bersih air nya.. semoga tambang emas disana setelah pacu jalur di stop. Jgn pas mau festival saja,2025-08-19T09:01:04,https://p16-sign-sg.tiktokcdn.com/tos-alisg-avt-0068/963243188ae6a1c61164faab34d5b065~tplv-tiktokx-cropcenter:100:100.jpg?dr=14579&refresh_token=859463a5&x-expires=1755756000&x-signature=LH%2F%2Fn%2BUAe7iI1TxlVtRqjcqA3rI%3D&t=4d5b0474&ps=13740610&shp=30310797&shcp=ff37627b&idc=my,0,[]
7540025330339431189,fellaaa72,raja fella üáµüá∏,"Listrik padam tengah malam gini di taluk pak saat kami tidur,cemana ni pak?????",2025-08-19T03:29:34,https://p16-sign-va.tiktokcdn.com/tos-maliva-avt-0068/33f5f3e56a6f4825710c35c628dee227~tplv-tiktokx-cropcenter:100:100.jpg?dr=14579&refresh_token=fbdc1249&x-expires=1755756000&x-signature=QWPokSd79TlNWUbKpGjdFJBzFXE%3D&t=4d5b0474&ps=13740610&shp=30310797&shcp=ff37627b&idc=my,0,[]
7539977772363023111,nurhamzah_nh,N.HAMZAH,"keresahan masyarakat kuansing.
1. Tribun Mahal
2. Parkir mahal
3. Lokasi UMKM tidak strategis
4. Setelah pacu sampah dimana-mana
tambahkan...",2025-08-19T00:24:45,https://p16-sign-sg.tiktokcdn.com/tos-alisg-avt-0068/bbdc700b59b611dcf958663743d571b7~tplv-tiktokx-cropcenter:100:100.jpg?dr=14579&refresh_token=51aaa85c&x-expires=1755756000&x-signature=fO783ZgWSilwSV1%2Bl%2FWVe5DGPO0%3D&t=4d5b0474&ps=13740610&shp=30310797&shcp=ff37627b&idc=my,0,[]
7540173071946138389,misnadi952,Mis Nadi,Salam kayauhüëçüëçüëç,2025-08-19T13:02:38,https://p16-sign-sg.tiktokcdn.com/tos-alisg-avt-0068/0896fb487f20e8d2e8c5a53e19381910~tplv-tiktokx-cropcenter:100:100.jpg?dr=14579&refresh_token=f249b0ba&x-expires=1755756000&x-signature=y61CRi44tDiwQsIlPKVbKsWpQK8%3D&t=4d5b0474&ps=13740610&shp=30310797&shcp=ff37627b&idc=my,0,[]
7540264769736491796,pikrafirnandaahil939,fikra .1024‚úåüèª,baru pertama kali pak gubernur Riau ke Kuansing niüëç,2025-08-19T18:58:27,https://p16-sign-sg.tiktokcdn.com/tos-alisg-avt-0068/003c8f2e33f46fbc4aef69e3004c4472~tplv-tiktokx-cropcenter:100:100.jpg?dr=14579&refresh_token=d10e5b26&x-expires=1755756000&x-signature=RnAUqjH3ctgYxnTqHg5Tx6lqkjA%3D&t=4d5b0474&ps=13740610&shp=30310797&shcp=ff37627b&idc=my,0,[]
7539944661826159367,rickyprasetyo3107,Ricky Prasetyo,"tolong kondisi jalan Tapung dan Rohul di perhatikan pak, kondisi nya sudah sangat parah.",2025-08-18T22:16:12,https://p16-common-sign-useastred.tiktokcdn-eu.com/tos-useast2a-avt-0068-euttp/7321746175445434400~tplv-tiktokx-cropcenter:100:100.jpg?dr=14579&refresh_token=dceb3da2&x-expires=1755756000&x-signature=m9zYMXI97yr6SIvPWNIOJjemoFk%3D&t=4d5b0474&ps=13740610&shp=30310797&shcp=ff37627b&idc=my,0,[]
7540195717085758209,sri.yayanti,DEDE. A,mantap betul tahun ini,2025-08-19T14:30:35,https://p16-sign-sg.tiktokcdn.com/tos-alisg-avt-0068/403487858c224a655d284ad8bf0838ea~tplv-tiktokx-cropcenter:100:100.jpg?dr=14579&refresh_token=c58500d7&x-expires=1755756000&x-signature=4yfDYHzRPSU7a4pQBvigtzpyFH0%3D&t=4d5b0474&ps=13740610&shp=30310797&shcp=ff37627b&idc=my,0,[]
7539955799184261906,sipelepasrindu,sipelepas rindu.,pak gubernurterhormat disekitar provinsi Riau.diperhatikan jaln yg sudah hancur belur.,2025-08-18T22:59:29,https://p16-sign-va.tiktokcdn.com/tos-maliva-avt-0068/f1bccb150f66928590557633448a2fe0~tplv-tiktokx-cropcenter:100:100.jpg?dr=14579&refresh_token=9acdb5d7&x-expires=1755756000&x-signature=Rgzb2BASzwOalb9bZToYMgUH7k4%3D&t=4d5b0474&ps=13740610&shp=30310797&shcp=ff37627b&idc=my,0,[]
7539948735321752337,valker34,Valker23,di live strimeng ajalah pk gubenur.. agar bisa juga liat DPR joget22üòÖüëå,2025-08-18T22:32:03,https://p16-sign-sg.tiktokcdn.com/tos-alisg-avt-0068/4a271dfc50577b11439235e387a7830a~tplv-tiktokx-cropcenter:100:100.jpg?dr=14579&refresh_token=e4de5a5f&x-expires=1755756000&x-signature=3qUYT%2BAL%2FvGb6ckEcSJzWHFd16U%3D&t=4d5b0474&ps=13740610&shp=30310797&shcp=ff37627b&idc=my,0,[]
7540293361031594768,andreas174_,Andes,Riau merdeka..,2025-08-19T20:49:22,https://p16-sign-va.tiktokcdn.com/tos-maliva-avt-0068/412b8b8c7615a1f1fc19011ae1a9ca43~tplv-tiktokx-cropcenter:100:100.jpg?dr=14579&refresh_token=c39e70fb&x-expires=1755756000&x-signature=Ras2UuWQrkBFxsjCLLtZegbIToM%3D&t=4d5b0474&ps=13740610&shp=30310797&shcp=ff37627b&idc=my,0,[]
7539972260582146823,youtuber.game5,Pencari Keadilan,"pak tolong jalan kami di aspal,udh puluhan kali ganti gubernur jalan kami GK pernah di aspal,kalo hujan becek ,jalan desa pinggir, kabupaten Bengkalis",2025-08-19T00:03:22,https://p16-sign-sg.tiktokcdn.com/tos-alisg-avt-0068/6de5a9e4b860a1ac7a3fe7040e1d4cd0~tplv-tiktokx-cropcenter:100:100.jpg?dr=14579&refresh_token=c8f07b69&x-expires=1755756000&x-signature=KekS8ZgT2Pd2mX5f4JGwwU1ogac%3D&t=4d5b0474&ps=13740610&shp=30310797&shcp=ff37627b&idc=my,0,[]
7539898147272147720,rezayty02_,R++,mantap sekali pak,2025-08-18T19:15:46,https://p16-common-sign-useastred.tiktokcdn-eu.com/tos-useast2a-avt-0068-giso/f9f5679a76156b94a4b810982bcc244e~tplv-tiktokx-cropcenter:100:100.jpg?dr=14579&refresh_token=add39ce8&x-expires=1755756000&x-signature=9vfgkLZ82N4RL%2BMCL3%2FUIDLjdS0%3D&t=4d5b0474&ps=13740610&shp=30310797&shcp=ff37627b&idc=my,0,[]
7540100626454856456,user63610928066851,BangHar,"air kuantannya juga harus jernih selepas pacu jalur pak gub, jangan hanya waktu pacu aja. kalau perlu jadikan kuantan sebagai sarana wisata dan transfortasi air dari hulu ke hilir. agar masyarakat Kuansing peduli dengan pentingnya sungai kuantan",2025-08-19T08:21:35,https://p16-sign-va.tiktokcdn.com/musically-maliva-obj/1594805258216454~tplv-tiktokx-cropcenter:100:100.jpg?dr=14579&refresh_token=827b7b4d&x-expires=1755756000&x-signature=wjx7Eg80z4IpvBmQccs78LNGQrk%3D&t=4d5b0474&ps=13740610&shp=30310797&shcp=ff37627b&idc=my,0,[]
7539889116030583572,user2911215224525,user2911215224525,cari duit pak gubernur....untuk Riau... industri daerah kita banyak. lahan di pakai banyak...duit apo kesah susah ne,2025-08-18T18:43:35,https://p16-sign-va.tiktokcdn.com/musically-maliva-obj/1594805258216454~tplv-tiktokx-cropcenter:100:100.jpg?dr=14579&refresh_token=827b7b4d&x-expires=1755756000&x-signature=wjx7Eg80z4IpvBmQccs78LNGQrk%3D&t=4d5b0474&ps=13740610&shp=30310797&shcp=ff37627b&idc=my,0,[]
7539889184330498833,ropi_riski,‚Ñùùï†ùï°ùïö ‚Ñùùïöùï§ùïúùïö,"aku pernah ikut kesana tahun kemarin pergi malam karna pagi nya final, tpi hotel penuh semua al hasil kami tidur di masjid, kapok jdi nya",2025-08-18T18:41:07,https://p16-sign-sg.tiktokcdn.com/tos-alisg-avt-0068/161afe878561fc51087d2da5b67c7089~tplv-tiktokx-cropcenter:100:100.jpg?dr=14579&refresh_token=319c044b&x-expires=1755756000&x-signature=SMxD9f7thyBLms3U7gGAqD7REn4%3D&t=4d5b0474&ps=13740610&shp=30310797&shcp=ff37627b&idc=my,0,[]
7539946252957647632,zhen.aparis,Zhen komua,bg se kli2 cek la jln2 yg dr pkan Bru ke Kuansing tu lobang2 yg berlobang ditimbun kyak tail kerbau tinggi2 naik motor aja bikin perut turun sakit perut jadi ny,2025-08-18T22:22:27,https://p16-sign-sg.tiktokcdn.com/tos-alisg-avt-0068/caa117e4f2bafa359fe6ecbc449cdcbc~tplv-tiktokx-cropcenter:100:100.jpg?dr=14579&refresh_token=bc7effba&x-expires=1755756000&x-signature=3%2FzjKhtvH5lElOjzIXg4gT0kK%2Bg%3D&t=4d5b0474&ps=13740610&shp=30310797&shcp=ff37627b&idc=my,0,[]
7539891151781643015,viral.official71,Viral official,semoga sukses selalu untuk pak Abdul Wahid üòáüòáüòá,2025-08-18T18:48:37,https://p16-sign-sg.tiktokcdn.com/tos-alisg-avt-0068/28a77675aeb49263df0673b84fd11454~tplv-tiktokx-cropcenter:100:100.jpg?dr=14579&refresh_token=91a6f00b&x-expires=1755756000&x-signature=e8tPSztvzRFPU6FzEI0pN7mv1P4%3D&t=4d5b0474&ps=13740610&shp=30310797&shcp=ff37627b&idc=my,0,[]
7539901914768032520,alonpatopangdharma,alonpatopangdharma,tolong panitia di tmpatkan di sgla posisi pak..takut besok ada copet ada hal lain nya..krna besok jutaan wisatawan yg kesana,2025-08-18T19:30:21,https://p16-common-sign-useastred.tiktokcdn-eu.com/tos-useast2a-avt-0068-giso/888c90fd0becf218d8f5f83f7f3006ea~tplv-tiktokx-cropcenter:100:100.jpg?dr=14579&refresh_token=efd97598&x-expires=1755756000&x-signature=BFBKMfKLwoYlxy2W5Mm9I4VeXxU%3D&t=4d5b0474&ps=13740610&shp=30310797&shcp=ff37627b&idc=my,0,[]
7539895042312553234,cctv_teampelosok,SolehNandaRoma,bapak Abdul Wahid Gebenur Riau main lah ketempat kampung kami Pak Mandiangin Minas Siak.ü§ó,2025-08-18T19:03:39,https://p16-sign-va.tiktokcdn.com/tos-maliva-avt-0068/b4719918d987670b04ba7e4317543e23~tplv-tiktokx-cropcenter:100:100.jpg?dr=14579&refresh_token=86dcda1e&x-expires=1755756000&x-signature=CCRTCfig%2FUG5hrDvRNyUvIgvFn0%3D&t=4d5b0474&ps=13740610&shp=30310797&shcp=ff37627b&idc=my,0,[]
7539922974951899905,ketanuli15,ketanuli,pak info loker,2025-08-18T20:52:08,https://p16-sign-va.tiktokcdn.com/tos-maliva-avt-0068/515b26b00cae60a17003f05a2851c6f8~tplv-tiktokx-cropcenter:100:100.jpg?dr=14579&refresh_token=e736891b&x-expires=1755756000&x-signature=A6ke9%2BMdiUs1FPTynRV5V8NQVK4%3D&t=4d5b0474&ps=13740610&shp=30310797&shcp=ff37627b&idc=my,0,[]
7540082526368727824,rasmilarasmila03,mysha17,"Insya Allah lancar, aman",2025-08-19T07:11:31,https://p16-sign-va.tiktokcdn.com/tos-maliva-avt-0068/ebafea1e4dd19796cbb82df0cd025448~tplv-tiktokx-cropcenter:100:100.jpg?dr=14579&refresh_token=6d031b72&x-expires=1755756000&x-signature=rglrsu8MkOoXHS2tiZ%2FDshHO1%2BM%3D&t=4d5b0474&ps=13740610&shp=30310797&shcp=ff37627b&idc=my,0,[]
7539841523191038727,tokeeeeeee56,üÜÅüÖ∏üÖ∫üÖæ üÖπüÜÑüÖºüÖ∞üÖ≥üÖ∏,SALAM KAYUAH KAYUAH,2025-08-18T15:36:05,https://p16-sign-sg.tiktokcdn.com/tos-alisg-avt-0068/af1ba7076a20f5f16aa6b18887c7247e~tplv-tiktokx-cropcenter:100:100.jpg?dr=14579&refresh_token=9c1ded10&x-expires=1755756000&x-signature=u3jM2MokEZ3%2BwStckCWHw4sxaFw%3D&t=4d5b0474&ps=13740610&shp=30310797&shcp=ff37627b&idc=my,0,[]
7539867381075002120,yopi_sawit,yopi ottoman,salam kayuahüëçüëç,2025-08-18T17:16:22,https://p16-sign-sg.tiktokcdn.com/tos-alisg-avt-0068/e5f346ab4abddfabf3803788c8963855~tplv-tiktokx-cropcenter:100:100.jpg?dr=14579&refresh_token=5f2fb5aa&x-expires=1755756000&x-signature=%2BFaOGj7YgOE6DeZ1UZnhJ%2BtWnjg%3D&t=4d5b0474&ps=13740610&shp=30310797&shcp=ff37627b&idc=my,0,[]
7539848319008490247,yuyun.jk,Y,Kuansing üëèüëèüëèüëèüëè,2025-08-18T16:02:24,https://p16-sign-sg.tiktokcdn.com/tos-alisg-avt-0068/8a1fd0a1d47b3178691a4a4ab89bc6b9~tplv-tiktokx-cropcenter:100:100.jpg?dr=14579&refresh_token=a3ea16a1&x-expires=1755756000&x-signature=1APuIeMFa4QFPIyHDAhaNYFNfPA%3D&t=4d5b0474&ps=13740610&shp=30310797&shcp=ff37627b&idc=my,0,[]
7539873864005698322,abie_biiie,Sayang Bagulo,"Terimakasih konten kreator, kameramen fotografer dan netizen kuansing, siang malam, ujan pane, barondam di batang kuantan untuk mempromosikan budaya pacu jalur hingga mendunia.",2025-08-18T17:41:33,https://p16-sign-sg.tiktokcdn.com/tos-alisg-avt-0068/f0dec038b5f9ec46192537a23153965e~tplv-tiktokx-cropcenter:100:100.jpg?dr=14579&refresh_token=3dcc97e7&x-expires=1755756000&x-signature=V8pJ8Uge6ueXJXchghD0kk2xoaA%3D&t=4d5b0474&ps=13740610&shp=30310797&shcp=ff37627b&idc=my,0,[]
7539890486384362248,nandada99,‚òÖManusia‚òÖBerisik‚òÖ,"kenapa ya kalo udah mendunia pacu jalur
seluruh penjabat dan pemerintah pada
ikut serta atau pada turun semua nya
yang kemarin kemarin kalian kemana
aja sih. udah mendunia pacu jalur
kalian pada muncul. üôÇ",2025-08-18T18:46:00,https://p16-sign-sg.tiktokcdn.com/tos-alisg-avt-0068/e119d54004ebcdd8599778a1eeb9a052~tplv-tiktokx-cropcenter:100:100.jpg?dr=14579&refresh_token=b4ebc4db&x-expires=1755756000&x-signature=54F3NfvAfJs%2BC7n0KtkQmH0Pawo%3D&t=4d5b0474&ps=13740610&shp=30310797&shcp=ff37627b&idc=my,0,[]
7539890491769324295,yiyin_m,Izri Berkah,BOSDA tolong dicairkan dulu dong pak gubernur biar bisa kami nonton pacu jalur üò≥,2025-08-18T18:46:00,https://p16-sign-va.tiktokcdn.com/tos-maliva-avt-0068/48b46956906b7415df6173ef63591068~tplv-tiktokx-cropcenter:100:100.jpg?dr=14579&refresh_token=0af9d3b0&x-expires=1755756000&x-signature=Jd%2BLEgb0Pj%2BceENepOG96eYdB7c%3D&t=4d5b0474&ps=13740610&shp=30310797&shcp=ff37627b&idc=my,0,[]
7540109898849747730,askardi.kardi,askardi kardi,kayua kayua piti agia dari provinsi untuk kelancaran pacu jalur nacakap yang bisa,2025-08-19T08:57:38,https://p16-sign-sg.tiktokcdn.com/tos-alisg-avt-0068/3c3153b9b236f189b2f12dfb4a37f39c~tplv-tiktokx-cropcenter:100:100.jpg?dr=14579&refresh_token=2ef78be9&x-expires=1755756000&x-signature=fqzXJ%2FFJ7CGHq4HmYLPzBX7y6iI%3D&t=4d5b0474&ps=13740610&shp=30310797&shcp=ff37627b&idc=my,0,[]
7539815300234642183,_.ahahah_._ahahah._,ah ah ah ah ah,gacor Kuansing kan hid,2025-08-18T13:54:15,https://p16-sign-sg.tiktokcdn.com/tos-alisg-avt-0068/8467a04883b5083772cb84242c6d1ab4~tplv-tiktokx-cropcenter:100:100.jpg?dr=14579&refresh_token=e4c8aa21&x-expires=1755756000&x-signature=fEhsaZOvJ9c1cjJvM3UcA2aUHXQ%3D&t=4d5b0474&ps=13740610&shp=30310797&shcp=ff37627b&idc=my,0,[]
7540537312750551816,friendyreal,oomndyy,üëåüëå,2025-08-20T12:36:05,https://p16-sign-sg.tiktokcdn.com/tos-alisg-avt-0068/7335434023688208385~tplv-tiktokx-cropcenter:100:100.jpg?dr=14579&refresh_token=3006ef2e&x-expires=1755756000&x-signature=8R8NMEboirZHGgCETHq4kIvChRA%3D&t=4d5b0474&ps=13740610&shp=30310797&shcp=ff37627b&idc=my,0,[]
7540522281306424085,meri.andani9993,Meri Andani,ü•∞ü•∞ü•∞,2025-08-20T11:37:49,https://p16-sign-sg.tiktokcdn.com/tos-alisg-avt-0068/35687cf703e5c3bfd1609d32df821769~tplv-tiktokx-cropcenter:100:100.jpg?dr=14579&refresh_token=a53cd3fe&x-expires=1755756000&x-signature=gH7PGJ8aRIa%2BgEz6V2cmMaXyHpQ%3D&t=4d5b0474&ps=13740610&shp=30310797&shcp=ff37627b&idc=my,0,[]
7540512211602096914,syaf1974,syaf,ü•∞,2025-08-20T10:58:38,https://p16-sign-sg.tiktokcdn.com/tos-alisg-avt-0068/5e8e4533252f3605382a2870de78df6e~tplv-tiktokx-cropcenter:100:100.jpg?dr=14579&refresh_token=0b074247&x-expires=1755756000&x-signature=oQmLUtVK5%2FKaSo82c%2B9wtS%2FMus4%3D&t=4d5b0474&ps=13740610&shp=30310797&shcp=ff37627b&idc=my,0,[]
7540489770109272850,inisial__j95,jaiho__23üòé,üí™üí™üí™,2025-08-20T09:31:40,https://p16-sign-va.tiktokcdn.com/tos-maliva-avt-0068/4b38f382cd03f8069fc0fa0ec080a726~tplv-tiktokx-cropcenter:100:100.jpg?dr=14579&refresh_token=a4a9e5a3&x-expires=1755756000&x-signature=bQkEcKl6leqxFvwxH%2BTaBWx7P3I%3D&t=4d5b0474&ps=13740610&shp=30310797&shcp=ff37627b&idc=my,0,[]
7540391510706569991,marwanbsm17,WANN,üòá,2025-08-20T03:10:25,https://p16-sign-va.tiktokcdn.com/tos-maliva-avt-0068/c0100777351c5c31509b29f96b852fea~tplv-tiktokx-cropcenter:100:100.jpg?dr=14579&refresh_token=938d3142&x-expires=1755756000&x-signature=svFxfgKTR2Mozn%2FcutkYzApn1dA%3D&t=4d5b0474&ps=13740610&shp=30310797&shcp=ff37627b&idc=my,0,[]
7540276637401711378,wawan.isakandar,Wawan Isakandar,ü•∞ü•∞ü•∞,2025-08-19T19:44:28,https://p16-sign-sg.tiktokcdn.com/tos-alisg-avt-0068/8285932c75b5d2c4ca5f0140a68934a1~tplv-tiktokx-cropcenter:100:100.jpg?dr=14579&refresh_token=eb6e4ded&x-expires=1755756000&x-signature=HDuyZlfpmmAvmub5eJwM1ec3q7Q%3D&t=4d5b0474&ps=13740610&shp=30310797&shcp=ff37627b&idc=my,0,[]
7540240290902377223,nurhudayantiinong,.,‚ù§‚ù§‚ù§,2025-08-19T17:23:29,https://p16-sign-va.tiktokcdn.com/tos-maliva-avt-0068/04a83357ce4a79c5458534d68c58f18f~tplv-tiktokx-cropcenter:100:100.jpg?dr=14579&refresh_token=af9dc462&x-expires=1755756000&x-signature=k5m0kwHdAuINyHBLS1X5OBtLgdo%3D&t=4d5b0474&ps=13740610&shp=30310797&shcp=ff37627b&idc=my,0,[]
7540010792189854482,pecandu.tiktok6,Harvey mules,ü•∞ü•∞ü•∞ü•∞,2025-08-19T02:32:56,https://p16-sign-sg.tiktokcdn.com/tos-alisg-avt-0068/b5a76891f9134db23bc27b4818618228~tplv-tiktokx-cropcenter:100:100.jpg?dr=14579&refresh_token=042bfbc8&x-expires=1755756000&x-signature=YEjMO69htYJXS0X%2FxrkIVwIKBN4%3D&t=4d5b0474&ps=13740610&shp=30310797&shcp=ff37627b&idc=my,0,[]
7539969777771922184,yhudyicebonkii,yudi,üò≥üò≥üò≥,2025-08-18T23:53:42,https://p16-sign-va.tiktokcdn.com/tos-maliva-avt-0068/c83f27cdfd05fff932f9da89aef4a194~tplv-tiktokx-cropcenter:100:100.jpg?dr=14579&refresh_token=fc77cfb4&x-expires=1755756000&x-signature=seVenwT%2FnJY1%2Feo4F4n20RfS7Ds%3D&t=4d5b0474&ps=13740610&shp=30310797&shcp=ff37627b&idc=my,0,[]
7539944593858429716,tomisusmiran,Tomi Susmiran,üëçüëç,2025-08-18T22:15:59,https://p16-sign-sg.tiktokcdn.com/tos-alisg-avt-0068/7324647697024024577~tplv-tiktokx-cropcenter:100:100.jpg?dr=14579&refresh_token=ee84e8fa&x-expires=1755756000&x-signature=klQJxhNfdT2v%2FePWZEQAIXqZnw8%3D&t=4d5b0474&ps=13740610&shp=30310797&shcp=ff37627b&idc=my,0,[]
7539924550449562386,aansaja711,BM 5553 TN,üî•üî•üî•üî•üëçüí™,2025-08-18T20:58:15,https://p16-sign-va.tiktokcdn.com/tos-maliva-avt-0068/a62158c45a0c943628e5143c1e50360e~tplv-tiktokx-cropcenter:100:100.jpg?dr=14579&refresh_token=d6fe7d27&x-expires=1755756000&x-signature=uzrmj91cl0TzS%2BpG4iN9oNoqNXk%3D&t=4d5b0474&ps=13740610&shp=30310797&shcp=ff37627b&idc=my,0,[]
7539900992642728711,bayau2348,Aura Farming üö£,üëçüëçüí™,2025-08-18T19:26:50,https://p16-sign-sg.tiktokcdn.com/tos-alisg-avt-0068/98ed8f42e807d5ef380b4863528d9acf~tplv-tiktokx-cropcenter:100:100.jpg?dr=14579&refresh_token=55c96c20&x-expires=1755756000&x-signature=5%2Fn8kBjH8syxwTxaHEK3p3VZqxQ%3D&t=4d5b0474&ps=13740610&shp=30310797&shcp=ff37627b&idc=my,0,[]
7539900937802089233,sikin8531,sikinÿ≥ŸäŸÉŸÜ ÿ≥Ÿáÿ±Ÿä,üëçüëçüëç,2025-08-18T19:26:40,https://p16-sign-sg.tiktokcdn.com/tos-alisg-avt-0068/035d8401972bdf3266d5969bffc1f318~tplv-tiktokx-cropcenter:100:100.jpg?dr=14579&refresh_token=37aa7124&x-expires=1755756000&x-signature=G%2FunYvHWZcMaKunumWu1osXLai4%3D&t=4d5b0474&ps=13740610&shp=30310797&shcp=ff37627b&idc=my,0,[]
